ID,Nome,Email
105,Ryan Hartman,xhughes@hernandez.net
106,Joshua Nichols,cathy54@gmail.com
107,Monica Ramirez,derek77@lewis.com
108,Meredith Harris,velasquezstacy@becker.com
109,Jennifer Elliott,hcherry@stevens-dunlap.com
110,David Williams,michaelsalas@hotmail.com
111,Christopher Shah,whitejustin@long.net
112,Benjamin Stewart,omiller@yahoo.com
113,Frank Burgess,maryhill@stewart.com
114,Erica Mckee,williamsandrew@roman.biz
115,Amanda Moore,kcooper@harris-mitchell.net
116,Andrew Smith,amanda69@porter-king.com
117,Michael Duncan,davidfoley@jordan-johnston.com
118,Jasmine Jackson,sanchezdenise@kelley.com
119,Brianna Evans,brendajenkins@bird.com
120,Brandon Patrick Jr.,burkemark@yahoo.com
121,David Stone,adamsandrew@yahoo.com
122,Scott Miller,charlesoliver@reed.info
123,Matthew Todd,lweiss@hensley-alexander.net
124,Tammy Gillespie,brenda12@gmail.com
125,Theresa Weiss,rogersjames@gmail.com
126,Tyler Sullivan,william61@hotmail.com
127,Robert Simpson,michaelsweeney@mckee.biz
128,Jessica Sexton,steven05@thomas.com
129,Daniel Pitts,shellyjackson@hotmail.com
130,Katie Watson,rachelrodriguez@yahoo.com
131,Caitlin Cohen,owhite@hotmail.com
132,Steven Foster,stacey47@austin-williams.biz
133,William Harris,kellerlindsay@yahoo.com
134,Jennifer Lopez,blairlindsay@morse-ramos.org
135,Heidi Mccarthy MD,lawrencehart@hotmail.com
136,Tiffany Durham,michellebarrera@hotmail.com
137,Angela Brooks,sethbrennan@gmail.com
138,Mary Brown,naguilar@gmail.com
139,Sean Velasquez,blairdavid@jones.com
140,David Ortiz,linda17@ramirez.com
141,Antonio Cunningham,terryronald@johnston.com
142,Amanda Webb,wlewis@lucas-willis.com
143,Nicholas Davis,lhansen@alvarado.info
144,Jennifer Ryan,holtmario@hotmail.com
145,Helen Pratt,nelsonjoseph@barton.org
146,Yesenia Thompson,howerichard@horn.info
147,Bethany Lindsey,kevinstone@gmail.com
148,Danny Padilla,stephanierussell@dean-malone.com
149,Eric Hawkins,mandy54@vaughan-henry.com
150,Aaron Young,hooverjeanette@hotmail.com
151,Mrs. Robin Dominguez,patelsheila@gmail.com
152,Terry Clark,twhite@allen-conway.com
153,Kyle Johnson III,michael60@conley.org
154,Cameron Burch,blakethomas@roberts.org
155,Jeffrey Nguyen,wali@peters-tanner.com
156,Lisa Moore,barbara56@carroll-espinoza.com
157,Amanda Jones,scottsteven@carpenter.com
158,Christine Freeman,amyunderwood@gmail.com
159,Ryan Humphrey,veronicagriffin@hotmail.com
160,Grace Wilcox,hunter66@gmail.com
161,Shirley Stewart,mccarthynicholas@simmons.net
162,Melissa Riley,susanharrington@sullivan.com
163,Terrence Collins,emoore@thompson.info
164,Matthew Marshall,lauren52@rosario.com
165,Brian Nichols,thomasmaria@hotmail.com
166,Devin Brown,barnesjacqueline@serrano.com
167,Bryan Lowe,christine54@hotmail.com
168,Michael Torres,xtownsend@williamson.com
169,Ashley Sullivan,katelynschmidt@hotmail.com
170,Nichole Kim,ojones@powell.com
171,Charles Bennett,max36@hawkins-grant.net
172,Anna Calhoun,stephensmark@garcia.net
173,Gabriela Gomez,meghankeller@king.com
174,Mr. Antonio Murphy,daniel57@roman.net
175,Marissa Atkinson,monicaporter@yahoo.com
176,Thomas Li,onewton@davis.com
177,Marcus Wolf,tyler58@lowe.info
178,Nancy Daniels,hurstashley@yahoo.com
179,Dennis Hughes,ylynn@walker.com
180,Heather Jones,amy82@gmail.com
181,Kevin Lopez,gregory17@carey.com
182,Natalie Johnson,taylormurphy@marshall.com
183,Courtney Arnold,ododson@bailey.com
184,William Johnson,tstephens@swanson.info
185,Victoria Norman,broberts@hotmail.com
186,Abigail Oneal,sandrablack@gmail.com
187,Matthew Smith,courtneyhughes@gmail.com
188,Justin Young,jennifer79@peterson.biz
189,Brooke Wilcox,connie13@rojas.com
190,Thomas Little,lawrence83@villa.com
191,Edward Johnson,achase@hotmail.com
192,Timothy Garcia,thomas03@williams.com
193,Mrs. Judith Martinez,josecampbell@yahoo.com
194,Mary Johnson,gaguilar@yahoo.com
195,Juan Trevino,velazquezdylan@lewis.com
196,Mrs. Kristen Barr,vanessasoto@hotmail.com
197,Cody Taylor,nicoletucker@williams.net
198,Samuel Rivers,mark64@gmail.com
199,Andrew Murphy,joneserin@myers.com
200,Trevor Moody,susan06@yahoo.com
201,Susan Wolf,mark31@lopez.com
202,Kelly Carr,mitchellgarcia@bray.org
203,David Mann,obrienryan@shaffer.com
204,Deborah Glenn,gwhite@flores.info
