Nome,Email
Ryan Hartman,xhughes@hernandez.net
Joshua Nichols,cathy54@gmail.com
Monica Ramirez,derek77@lewis.com
Meredith Harris,velasquezstacy@becker.com
Jennifer Elliott,hcherry@stevens-dunlap.com
David Williams,michaelsalas@hotmail.com
Christopher Shah,whitejustin@long.net
Benjamin Stewart,omiller@yahoo.com
Frank Burgess,maryhill@stewart.com
Erica Mckee,williamsandrew@roman.biz
Amanda Moore,kcooper@harris-mitchell.net
Andrew Smith,amanda69@porter-king.com
Michael Duncan,davidfoley@jordan-johnston.com
Jasmine Jackson,sanchezdenise@kelley.com
Brianna Evans,brendajenkins@bird.com
Brandon Patrick Jr.,burkemark@yahoo.com
David Stone,adamsandrew@yahoo.com
Scott Miller,charlesoliver@reed.info
Matthew Todd,lweiss@hensley-alexander.net
Tammy Gillespie,brenda12@gmail.com
Theresa Weiss,rogersjames@gmail.com
Tyler Sullivan,william61@hotmail.com
Robert Simpson,michaelsweeney@mckee.biz
Jessica Sexton,steven05@thomas.com
Daniel Pitts,shellyjackson@hotmail.com
Katie Watson,rachelrodriguez@yahoo.com
Caitlin Cohen,owhite@hotmail.com
Steven Foster,stacey47@austin-williams.biz
William Harris,kellerlindsay@yahoo.com
Jennifer Lopez,blairlindsay@morse-ramos.org
Heidi Mccarthy MD,lawrencehart@hotmail.com
Tiffany Durham,michellebarrera@hotmail.com
Angela Brooks,sethbrennan@gmail.com
Mary Brown,naguilar@gmail.com
Sean Velasquez,blairdavid@jones.com
David Ortiz,linda17@ramirez.com
Antonio Cunningham,terryronald@johnston.com
Amanda Webb,wlewis@lucas-willis.com
Nicholas Davis,lhansen@alvarado.info
Jennifer Ryan,holtmario@hotmail.com
Helen Pratt,nelsonjoseph@barton.org
Yesenia Thompson,howerichard@horn.info
Bethany Lindsey,kevinstone@gmail.com
Danny Padilla,stephanierussell@dean-malone.com
Eric Hawkins,mandy54@vaughan-henry.com
Aaron Young,hooverjeanette@hotmail.com
Mrs. Robin Dominguez,patelsheila@gmail.com
Terry Clark,twhite@allen-conway.com
Kyle Johnson III,michael60@conley.org
Cameron Burch,blakethomas@roberts.org
Jeffrey Nguyen,wali@peters-tanner.com
Lisa Moore,barbara56@carroll-espinoza.com
Amanda Jones,scottsteven@carpenter.com
Christine Freeman,amyunderwood@gmail.com
Ryan Humphrey,veronicagriffin@hotmail.com
Grace Wilcox,hunter66@gmail.com
Shirley Stewart,mccarthynicholas@simmons.net
Melissa Riley,susanharrington@sullivan.com
Terrence Collins,emoore@thompson.info
Matthew Marshall,lauren52@rosario.com
Brian Nichols,thomasmaria@hotmail.com
Devin Brown,barnesjacqueline@serrano.com
Bryan Lowe,christine54@hotmail.com
Michael Torres,xtownsend@williamson.com
Ashley Sullivan,katelynschmidt@hotmail.com
Nichole Kim,ojones@powell.com
Charles Bennett,max36@hawkins-grant.net
Anna Calhoun,stephensmark@garcia.net
Gabriela Gomez,meghankeller@king.com
Mr. Antonio Murphy,daniel57@roman.net
Marissa Atkinson,monicaporter@yahoo.com
Thomas Li,onewton@davis.com
Marcus Wolf,tyler58@lowe.info
Nancy Daniels,hurstashley@yahoo.com
Dennis Hughes,ylynn@walker.com
Heather Jones,amy82@gmail.com
Kevin Lopez,gregory17@carey.com
Natalie Johnson,taylormurphy@marshall.com
Courtney Arnold,ododson@bailey.com
William Johnson,tstephens@swanson.info
Victoria Norman,broberts@hotmail.com
Abigail Oneal,sandrablack@gmail.com
Matthew Smith,courtneyhughes@gmail.com
Justin Young,jennifer79@peterson.biz
Brooke Wilcox,connie13@rojas.com
Thomas Little,lawrence83@villa.com
Edward Johnson,achase@hotmail.com
Timothy Garcia,thomas03@williams.com
Mrs. Judith Martinez,josecampbell@yahoo.com
Mary Johnson,gaguilar@yahoo.com
Juan Trevino,velazquezdylan@lewis.com
Mrs. Kristen Barr,vanessasoto@hotmail.com
Cody Taylor,nicoletucker@williams.net
Samuel Rivers,mark64@gmail.com
Andrew Murphy,joneserin@myers.com
Trevor Moody,susan06@yahoo.com
Susan Wolf,mark31@lopez.com
Kelly Carr,mitchellgarcia@bray.org
David Mann,obrienryan@shaffer.com
Deborah Glenn,gwhite@flores.info
